#date=2021/12/23 13:02:23;source=MUSIALv2.0;reference=TP0326;samples=75
Position	Reference	Allele	Samples	Annotation	Annotation_Impact	Gene_Name	Gene_ID	Feature_Type	Feature_ID	Transcript_BioType	Rank	HGVS.c	HGVS.p	cDNA.pos/cDNA.length	CDS.pos/CDS.length	AA.pos/AA.length	Distance	ERRORS/WARNINGS/INFO
345704	T	C	GHA1,IND1,SAM1,BosniaA,Gauthier,Fribourg,SamoaD,CDC2	synonymous_variant	LOW	bamA	gene-TPANIC_RS01590	transcript	TRANSCRIPT_gene-TPANIC_RS01590	protein_coding	1/1	c.222T>C	p.Tyr74Tyr	222/2514	222/2514	74/837
345859	C	T	Fribourg	missense_variant	MODERATE	bamA	gene-TPANIC_RS01590	transcript	TRANSCRIPT_gene-TPANIC_RS01590	protein_coding	1/1	c.377C>T	p.Ser126Phe	377/2514	377/2514	126/837
346212	G	A	SW6	missense_variant	MODERATE	bamA	gene-TPANIC_RS01590	transcript	TRANSCRIPT_gene-TPANIC_RS01590	protein_coding	1/1	c.730G>A	p.Ala244Thr	730/2514	730/2514	244/837
346317	G	A	GHA1,IND1,SAM1,Gauthier,Fribourg,SamoaD,CDC2	missense_variant	MODERATE	bamA	gene-TPANIC_RS01590	transcript	TRANSCRIPT_gene-TPANIC_RS01590	protein_coding	1/1	c.835G>A	p.Gly279Ser	835/2514	835/2514	279/837
346318	G	A	GHA1,IND1,SAM1,Gauthier,Fribourg,SamoaD,CDC2	missense_variant	MODERATE	bamA	gene-TPANIC_RS01590	transcript	TRANSCRIPT_gene-TPANIC_RS01590	protein_coding	1/1	c.836G>A	p.Gly279Asp	836/2514	836/2514	279/837
347027	G	A	PT_SIF0857,Q3,SHC-0,PT_SIF1348,PT_SIF0697,CZ33,PT_SIF1142,PT_SIF1020,PT_SIF1063,PT_SIF1140,PT_SIF1261,PT_SIF1183,PT_SIF0877_3,A2_2,GRA2,SHG-I2,AR2,SS14,SHD-R,PT_SIF1278,PT_SIF1156,PT_SIF1196,B3,NE17,NE19,NE12,NE14,NE15,PT_SIF0954,AU17,PT_SIF1127,AU15,AU16,AU13,K3,PT_SIF1002,PT_SIF1167,PT_SIF1200,PT_SIF1242,SW1,UW1,C3,PT_SIF1280,SW4,SW6,SW8,PT_SIF0908,CZ27,P3,PT_SIF1135,PT_SIF1299,SHE-V,BosniaA,PT_SIF1252	synonymous_variant	LOW	bamA	gene-TPANIC_RS01590	transcript	TRANSCRIPT_gene-TPANIC_RS01590	protein_coding	1/1	c.1545G>A	p.Ala515Ala	1545/2514	1545/2514	515/837
347031	T	G	PT_SIF0857,Q3,SHC-0,PT_SIF1348,PT_SIF0697,CZ33,PT_SIF1142,PT_SIF1020,PT_SIF1063,PT_SIF1140,PT_SIF1261,PT_SIF1183,PT_SIF0877_3,A2_2,GRA2,SHG-I2,AR2,SS14,SHD-R,PT_SIF1278,PT_SIF1156,PT_SIF1196,B3,NE17,NE19,NE12,NE14,NE15,PT_SIF0954,AU17,PT_SIF1127,AU15,AU16,AU13,K3,PT_SIF1002,PT_SIF1167,PT_SIF1200,PT_SIF1242,SW1,UW1,C3,PT_SIF1280,SW6,SW8,PT_SIF0908,CZ27,P3,PT_SIF1135,PT_SIF1299,SHE-V,BosniaA,PT_SIF1252	missense_variant	MODERATE	bamA	gene-TPANIC_RS01590	transcript	TRANSCRIPT_gene-TPANIC_RS01590	protein_coding	1/1	c.1549T>G	p.Ser517Ala	1549/2514	1549/2514	517/837
347034	T	A	PT_SIF0857,Q3,SHC-0,PT_SIF1348,PT_SIF0697,CZ33,PT_SIF1142,PT_SIF1020,PT_SIF1063,PT_SIF1140,PT_SIF1261,PT_SIF1183,PT_SIF0877_3,A2_2,GRA2,SHG-I2,AR2,SS14,SHD-R,PT_SIF1278,PT_SIF1156,PT_SIF1196,B3,NE17,NE19,NE12,NE14,NE15,PT_SIF0954,AU17,PT_SIF1127,AU15,AU16,AU13,K3,PT_SIF1002,PT_SIF1167,PT_SIF1200,PT_SIF1242,SW1,UW1,C3,PT_SIF1280,SW6,SW8,PT_SIF0908,CZ27,P3,PT_SIF1135,PT_SIF1299,SHE-V,BosniaA,PT_SIF1252	missense_variant	MODERATE	bamA	gene-TPANIC_RS01590	transcript	TRANSCRIPT_gene-TPANIC_RS01590	protein_coding	1/1	c.1552T>A	p.Tyr518Asn	1552/2514	1552/2514	518/837
347035	A	G	Gauthier	missense_variant	MODERATE	bamA	gene-TPANIC_RS01590	transcript	TRANSCRIPT_gene-TPANIC_RS01590	protein_coding	1/1	c.1553A>G	p.Tyr518Cys	1553/2514	1553/2514	518/837
347036	C	A	PT_SIF0857,Q3,SHC-0,PT_SIF1348,PT_SIF0697,CZ33,PT_SIF1142,PT_SIF1020,PT_SIF1063,PT_SIF1140,PT_SIF1261,PT_SIF1183,PT_SIF0877_3,A2_2,GRA2,SHG-I2,AR2,SS14,SHD-R,PT_SIF1278,PT_SIF1156,PT_SIF1196,B3,NE17,NE19,NE12,NE14,NE15,PT_SIF0954,AU17,PT_SIF1127,AU15,AU16,AU13,K3,PT_SIF1002,PT_SIF1167,PT_SIF1200,PT_SIF1242,SW1,UW1,C3,PT_SIF1280,SW6,SW8,PT_SIF0908,CZ27,P3,PT_SIF1135,PT_SIF1299,SHE-V,BosniaA,PT_SIF1252	stop_gained	HIGH	bamA	gene-TPANIC_RS01590	transcript	TRANSCRIPT_gene-TPANIC_RS01590	protein_coding	1/1	c.1554C>A	p.Tyr518*	1554/2514	1554/2514	518/837
347061	A	G	PT_SIF0857,Q3,SHC-0,PT_SIF1348,PT_SIF0697,CZ33,PT_SIF1142,PT_SIF1020,PT_SIF1063,PT_SIF1140,PT_SIF1261,PT_SIF1183,PT_SIF0877_3,A2_2,GRA2,SHG-I2,AR2,SS14,SHD-R,PT_SIF1278,PT_SIF1156,PT_SIF1196,B3,NE17,NE19,NE12,NE13,NE14,NE15,PT_SIF0954,AU17,PT_SIF1127,AU15,AU16,K3,PT_SIF1002,PT_SIF1167,PT_SIF1200,PT_SIF1242,SW1,UW1,C3,PT_SIF1280,SW4,SW6,SW8,PT_SIF0908,CZ27,P3,PT_SIF1135,PT_SIF1299,SHE-V,BosniaA,PT_SIF1252	missense_variant	MODERATE	bamA	gene-TPANIC_RS01590	transcript	TRANSCRIPT_gene-TPANIC_RS01590	protein_coding	1/1	c.1579A>G	p.Thr527Ala	1579/2514	1579/2514	527/837
347062	C	T	PT_SIF0857,Q3,SHC-0,PT_SIF1348,PT_SIF0697,CZ33,PT_SIF1142,PT_SIF1020,PT_SIF1063,PT_SIF1140,PT_SIF1261,PT_SIF1183,PT_SIF0877_3,A2_2,GRA2,SHG-I2,AR2,SS14,SHD-R,PT_SIF1278,PT_SIF1156,PT_SIF1196,B3,NE17,NE19,NE12,NE13,NE14,NE15,PT_SIF0954,AU17,PT_SIF1127,AU15,AU16,K3,PT_SIF1002,PT_SIF1167,PT_SIF1200,PT_SIF1242,SW1,UW1,C3,PT_SIF1280,SW4,SW6,SW8,PT_SIF0908,CZ27,P3,PT_SIF1135,PT_SIF1299,SHE-V,BosniaA,PT_SIF1252	missense_variant	MODERATE	bamA	gene-TPANIC_RS01590	transcript	TRANSCRIPT_gene-TPANIC_RS01590	protein_coding	1/1	c.1580C>T	p.Thr527Met	1580/2514	1580/2514	527/837
347068	G	A	PT_SIF0857,Q3,SHC-0,PT_SIF1348,PT_SIF0697,CZ33,PT_SIF1142,PT_SIF1020,PT_SIF1063,PT_SIF1140,PT_SIF1261,PT_SIF1183,PT_SIF0877_3,A2_2,GRA2,SHG-I2,AR2,SS14,SHD-R,PT_SIF1278,PT_SIF1156,PT_SIF1196,B3,NE17,NE19,NE12,NE13,NE14,NE15,PT_SIF0954,AU17,PT_SIF1127,AU15,AU16,K3,PT_SIF1002,PT_SIF1167,PT_SIF1200,PT_SIF1242,SW1,UW1,C3,PT_SIF1280,SW4,SW6,SW8,PT_SIF0908,CZ27,P3,PT_SIF1135,PT_SIF1299,SHE-V,BosniaA,PT_SIF1252	missense_variant	MODERATE	bamA	gene-TPANIC_RS01590	transcript	TRANSCRIPT_gene-TPANIC_RS01590	protein_coding	1/1	c.1586G>A	p.Arg529Lys	1586/2514	1586/2514	529/837
347075	G	C	PT_SIF0857,Q3,SHC-0,PT_SIF1348,PT_SIF0697,CZ33,PT_SIF1142,PT_SIF1020,PT_SIF1063,PT_SIF1140,PT_SIF1261,PT_SIF1183,PT_SIF0877_3,A2_2,GRA2,SHG-I2,AR2,SS14,SHD-R,PT_SIF1278,PT_SIF1156,PT_SIF1196,B3,NE17,NE19,NE12,NE13,NE14,NE15,PT_SIF0954,AU17,PT_SIF1127,AU15,AU16,K3,PT_SIF1002,PT_SIF1167,PT_SIF1200,PT_SIF1242,SW1,UW1,C3,PT_SIF1280,SW4,SW6,SW8,PT_SIF0908,CZ27,P3,PT_SIF1135,PT_SIF1299,SHE-V,BosniaA,PT_SIF1252	missense_variant	MODERATE	bamA	gene-TPANIC_RS01590	transcript	TRANSCRIPT_gene-TPANIC_RS01590	protein_coding	1/1	c.1593G>C	p.Gln531His	1593/2514	1593/2514	531/837
347083	G	A	PT_SIF0857,Q3,SHC-0,PT_SIF1348,PT_SIF0697,CZ33,PT_SIF1142,PT_SIF1020,PT_SIF1063,PT_SIF1140,PT_SIF1261,PT_SIF1183,PT_SIF0877_3,A2_2,GRA2,SHG-I2,AR2,SS14,SHD-R,PT_SIF1278,PT_SIF1156,PT_SIF1196,B3,NE17,NE19,NE12,NE13,NE14,NE15,PT_SIF0954,AU17,PT_SIF1127,AU15,AU16,K3,PT_SIF1002,PT_SIF1167,PT_SIF1200,PT_SIF1242,SW1,UW1,C3,PT_SIF1280,SW4,SW6,SW8,PT_SIF0908,CZ27,P3,PT_SIF1135,PT_SIF1299,SHE-V,BosniaA,PT_SIF1252	missense_variant	MODERATE	bamA	gene-TPANIC_RS01590	transcript	TRANSCRIPT_gene-TPANIC_RS01590	protein_coding	1/1	c.1601G>A	p.Ser534Asn	1601/2514	1601/2514	534/837
347260	T	A	GHA1,IND1,SAM1,MexicoA,Gauthier,Fribourg,SamoaD,CDC2	missense_variant	MODERATE	bamA	gene-TPANIC_RS01590	transcript	TRANSCRIPT_gene-TPANIC_RS01590	protein_coding	1/1	c.1778T>A	p.Leu593Gln	1778/2514	1778/2514	593/837
347398	C	A	IND1	missense_variant	MODERATE	bamA	gene-TPANIC_RS01590	transcript	TRANSCRIPT_gene-TPANIC_RS01590	protein_coding	1/1	c.1916C>A	p.Pro639His	1916/2514	1916/2514	639/837
347400	T	C	Gauthier	missense_variant	MODERATE	bamA	gene-TPANIC_RS01590	transcript	TRANSCRIPT_gene-TPANIC_RS01590	protein_coding	1/1	c.1918T>C	p.Phe640Leu	1918/2514	1918/2514	640/837
347401	T	G	PT_SIF0857,Q3,SHC-0,PT_SIF1348,PT_SIF0697,CZ33,PT_SIF1142,PT_SIF1020,PT_SIF1063,PT_SIF1140,PT_SIF1261,PT_SIF1183,PT_SIF0877_3,A2_2,GRA2,SHG-I2,AR2,SS14,SHD-R,PT_SIF1278,PT_SIF1156,PT_SIF1196,B3,NE17,NE19,NE12,NE13,NE14,NE15,PT_SIF0954,AU17,PT_SIF1127,AU15,AU16,AU13,K3,PT_SIF1002,PT_SIF1167,PT_SIF1200,PT_SIF1242,SW1,C3,PT_SIF1280,SW4,SW6,SW8,PT_SIF0908,CZ27,P3,PT_SIF1135,MexicoA,PT_SIF1299,SHE-V,PT_SIF1252	missense_variant	MODERATE	bamA	gene-TPANIC_RS01590	transcript	TRANSCRIPT_gene-TPANIC_RS01590	protein_coding	1/1	c.1919T>G	p.Phe640Cys	1919/2514	1919/2514	640/837
347545	G	T	SAM1,SamoaD	missense_variant	MODERATE	bamA	gene-TPANIC_RS01590	transcript	TRANSCRIPT_gene-TPANIC_RS01590	protein_coding	1/1	c.2063G>T	p.Arg688Leu	2063/2514	2063/2514	688/837
347556	G	A	SAM1,SamoaD	missense_variant	MODERATE	bamA	gene-TPANIC_RS01590	transcript	TRANSCRIPT_gene-TPANIC_RS01590	protein_coding	1/1	c.2074G>A	p.Glu692Lys	2074/2514	2074/2514	692/837
347559	A	G	IND1,Gauthier	missense_variant	MODERATE	bamA	gene-TPANIC_RS01590	transcript	TRANSCRIPT_gene-TPANIC_RS01590	protein_coding	1/1	c.2077A>G	p.Asn693Asp	2077/2514	2077/2514	693/837
347560	A	G	CDC2	missense_variant	MODERATE	bamA	gene-TPANIC_RS01590	transcript	TRANSCRIPT_gene-TPANIC_RS01590	protein_coding	1/1	c.2078A>G	p.Asn693Ser	2078/2514	2078/2514	693/837
347561	C	G	IND1,Gauthier,CDC2	missense_variant	MODERATE	bamA	gene-TPANIC_RS01590	transcript	TRANSCRIPT_gene-TPANIC_RS01590	protein_coding	1/1	c.2079C>G	p.Asn693Lys	2079/2514	2079/2514	693/837
347568	G	A	GHA1,IND1,SAM1,Gauthier,Fribourg,SamoaD,CDC2	missense_variant	MODERATE	bamA	gene-TPANIC_RS01590	transcript	TRANSCRIPT_gene-TPANIC_RS01590	protein_coding	1/1	c.2086G>A	p.Gly696Ser	2086/2514	2086/2514	696/837
347569	G	A	IND1	missense_variant	MODERATE	bamA	gene-TPANIC_RS01590	transcript	TRANSCRIPT_gene-TPANIC_RS01590	protein_coding	1/1	c.2087G>A	p.Gly696Asp	2087/2514	2087/2514	696/837
347807	T	C	SAM1	synonymous_variant	LOW	bamA	gene-TPANIC_RS01590	transcript	TRANSCRIPT_gene-TPANIC_RS01590	protein_coding	1/1	c.2325T>C	p.Ser775Ser	2325/2514	2325/2514	775/837
347817	AGTAGAACCACCAGCT	A	SAM1	disruptive_inframe_deletion	MODERATE	bamA	gene-TPANIC_RS01590	transcript	TRANSCRIPT_gene-TPANIC_RS01590	protein_coding	1/1	c.2336_2350delGTAGAACCACCAGCT	p.Ser779_Ser784delinsThr	2336/2514	2336/2514	779/837
347822	A	T	Seattle81	missense_variant	MODERATE	bamA	gene-TPANIC_RS01590	transcript	TRANSCRIPT_gene-TPANIC_RS01590	protein_coding	1/1	c.2340A>T	p.Arg780Ser	2340/2514	2340/2514	780/837
347824	C	G	NE20,Seattle81	missense_variant	MODERATE	bamA	gene-TPANIC_RS01590	transcript	TRANSCRIPT_gene-TPANIC_RS01590	protein_coding	1/1	c.2342C>G	p.Thr781Ser	2342/2514	2342/2514	781/837
347825	C	T	Seattle81	synonymous_variant	LOW	bamA	gene-TPANIC_RS01590	transcript	TRANSCRIPT_gene-TPANIC_RS01590	protein_coding	1/1	c.2343C>T	p.Thr781Thr	2343/2514	2343/2514	781/837
347827	C	G	NE20,Seattle81	missense_variant	MODERATE	bamA	gene-TPANIC_RS01590	transcript	TRANSCRIPT_gene-TPANIC_RS01590	protein_coding	1/1	c.2345C>G	p.Thr782Ser	2345/2514	2345/2514	782/837
347839	G	A	GHA1	missense_variant	MODERATE	bamA	gene-TPANIC_RS01590	transcript	TRANSCRIPT_gene-TPANIC_RS01590	protein_coding	1/1	c.2357G>A	p.Gly786Glu	2357/2514	2357/2514	786/837
347928	C	G	GHA1,IND1,SAM1,MexicoA,Gauthier,Fribourg,SamoaD,CDC2	missense_variant	MODERATE	bamA	gene-TPANIC_RS01590	transcript	TRANSCRIPT_gene-TPANIC_RS01590	protein_coding	1/1	c.2446C>G	p.Pro816Ala	2446/2514	2446/2514	816/837
347955	A	G	PT_SIF0857,Q3,SHC-0,PT_SIF1348,PT_SIF0697,CZ33,PT_SIF1142,PT_SIF1020,PT_SIF1063,PT_SIF1140,PT_SIF1261,PT_SIF1183,PT_SIF0877_3,A2_2,A2_1,GRA2,SHG-I2,AR2,SS14,SHD-R,PT_SIF1278,PT_SIF1156,PT_SIF1196,B3,NE17,NE19,NE12,NE13,NE14,NE15,PT_SIF0954,AU17,PT_SIF1127,AU15,AU16,AU13,K3,PT_SIF1002,PT_SIF1167,PT_SIF1200,PT_SIF1242,SW1,UW1,C3,PT_SIF1280,SW4,SW6,SW8,PT_SIF0908,CZ27,P3,PT_SIF1135,PT_SIF1299,SHE-V,PT_SIF1252	missense_variant	MODERATE	bamA	gene-TPANIC_RS01590	transcript	TRANSCRIPT_gene-TPANIC_RS01590	protein_coding	1/1	c.2473A>G	p.Asn825Asp	2473/2514	2473/2514	825/837
347956	A	G	GHA1	missense_variant	MODERATE	bamA	gene-TPANIC_RS01590	transcript	TRANSCRIPT_gene-TPANIC_RS01590	protein_coding	1/1	c.2474A>G	p.Asn825Ser	2474/2514	2474/2514	825/837
